Workbook

Sheet Product Backlog
A1: ENTERPRISE AVIATION DATA PLATFORM (EADP)
A2: UC8 — Product Backlog | Agile Scrum | Sprint 0–3
A4: Backlog ID | B4: Epic | C4: User Story / Requirement | D4: Description | E4: Priority | F4: Sprint | G4: Story Points | H4: Acceptance Criteria | I4: Dependency | J4: Status | K4: Owner
A5: PB-001 | B5: Project Initiation | C5: Study airline business problem | D5: Understand ABC Airways operational and analytics challenges. | E5: High | F5: Sprint 0 | G5: 3 | H5: Business problem, objectives, challenges and outcomes documented. | I5: None | J5: Completed
A6: PB-002 | B6: Project Initiation | C6: Identify business stakeholders | D6: Identify Flight Operations, Airport Operations, Customer Service, Maintenance, Commercial and Executive Management stakeholders. | E6: High | F6: Sprint 0 | G6: 2 | H6: All six stakeholder groups documented with responsibilities. | I6: PB-001 | J6: Completed
A7: PB-003 | B7: Project Initiation | C7: Define project objectives | D7: Document objectives for an enterprise-grade aviation data platform. | E7: High | F7: Sprint 0 | G7: 2 | H7: Objectives cover heterogeneous ingestion, quality, warehouse, governance, analytics and Git. | I7: PB-001 | J7: Completed
A8: PB-004 | B8: Project Initiation | C8: Define project scope | D8: Define in-scope and out-of-scope project boundaries. | E8: High | F8: Sprint 0 | G8: 3 | H8: Scope is documented and approved for sprint planning. | I8: PB-003 | J8: Completed
A9: PB-005 | B9: Project Initiation | C9: Prepare Business Requirements Document | D9: Document business requirements for the EADP project. | E9: High | F9: Sprint 0 | G9: 5 | H9: BRD exists and reflects the project business problem, objectives, stakeholders and scope. | I9: PB-001; PB-002; PB-004 | J9: Completed
A10: PB-006 | B10: Project Initiation | C10: Create project charter | D10: Document project purpose, scope, stakeholders, milestones and governance. | E10: High | F10: Sprint 0 | G10: 3 | H10: Project charter is available in docs. | I10: PB-004 | J10: Completed
A11: PB-007 | B11: Project Initiation | C11: Prepare Product Backlog | D11: Create prioritized backlog covering project work across all sprints. | E11: High | F11: Sprint 0 | G11: 3 | H11: Backlog has IDs, priorities, sprints, estimates, acceptance criteria and status. | I11: PB-005; PB-006 | J11: In Progress
A12: PB-008 | B12: Architecture & Repository | C12: Design enterprise data architecture | D12: Define the end-to-end data platform architecture. | E12: High | F12: Sprint 0 | G12: 5 | H12: Architecture shows source systems, ETL, landing/staging, curated, warehouse and analytics layers. | I12: PB-004 | J12: Completed
A13: PB-009 | B13: Architecture & Repository | C13: Design high-level architecture diagram | D13: Create architecture diagram for the EADP platform. | E13: High | F13: Sprint 0 | G13: 5 | H13: Architecture diagram is available and version controlled. | I13: PB-008 | J13: Completed
A14: PB-010 | B14: Architecture & Repository | C14: Create Git repository | D14: Initialize local repository and connect it to GitHub. | E14: High | F14: Sprint 0 | G14: 2 | H14: Repository is initialized, remote configured and main branch pushed. | I14: PB-004 | J14: Completed
A15: PB-011 | B15: Architecture & Repository | C15: Create enterprise repository structure | D15: Create docs, datasets, bronze, silver, gold, pentaho, python, sql, metadata, lineage, dashboards, deployment and tests directories. | E15: High | F15: Sprint 0 | G15: 3 | H15: Required directory structure exists in repository. | I15: PB-010 | J15: Completed
A16: PB-012 | B16: Architecture & Repository | C16: Define Git commit convention | D16: Define meaningful conventional commit prefixes for project history. | E16: Medium | F16: Sprint 0 | G16: 2 | H16: Commit convention documented and followed. | I16: PB-010 | J16: Completed
... A80: PB-076 | B80: Testing & Documentation | C80: Create final Git release | D80: Tag and document final project release in Git. | E80: High | F80: Sprint 3 | G80: 2 | H80: Final release tag exists and repository history is complete. | I80: PB-074; PB-075 | J80: Not Started

Sheet Dashboard
A1: EADP PRODUCT BACKLOG DASHBOARD
A3: Total Backlog Items | B3: =COUNTA('Product Backlog'!A5:A80) | H3: Status | I3: Count
A4: Completed | B4: =COUNTIF('Product Backlog'!J5:J80,"Completed") | H4: Completed | I4: =COUNTIF('Product Backlog'!J5:J80,H4)
A5: In Progress | B5: =COUNTIF('Product Backlog'!J5:J80,"In Progress") | H5: In Progress | I5: =COUNTIF('Product Backlog'!J5:J80,H5)
A6: Not Started | B6: =COUNTIF('Product Backlog'!J5:J80,"Not Started") | H6: Not Started | I6: =COUNTIF('Product Backlog'!J5:J80,H6)
A7: Blocked | B7: =COUNTIF('Product Backlog'!J5:J80,"Blocked") | H7: Blocked | I7: =COUNTIF('Product Backlog'!J5:J80,H7)
A8: Total Story Points | B8: =SUM('Product Backlog'!G5:G80)
A10: Sprint | B10: Items | C10: Completed | D10: Story Points | E10: Completion %
A11: Sprint 0 | B11: =COUNTIF('Product Backlog'!F5:F80,A11) | C11: =COUNTIFS('Product Backlog'!F5:F80,A11,'Product Backlog'!J5:J80,"Completed") | D11: =SUMIF('Product Backlog'!F5:F80,A11,'Product Backlog'!G5:G80) | E11: =IFERROR(C11/B11,0)
A12: Sprint 1 | B12: =COUNTIF('Product Backlog'!F5:F80,A12) | C12: =COUNTIFS('Product Backlog'!F5:F80,A12,'Product Backlog'!J5:J80,"Completed") | D12: =SUMIF('Product Backlog'!F5:F80,A12,'Product Backlog'!G5:G80) | E12: =IFERROR(C12/B12,0)
A13: Sprint 2 | B13: =COUNTIF('Product Backlog'!F5:F80,A13) | C13: =COUNTIFS('Product Backlog'!F5:F80,A13,'Product Backlog'!J5:J80,"Completed") | D13: =SUMIF('Product Backlog'!F5:F80,A13,'Product Backlog'!G5:G80) | E13: =IFERROR(C13/B13,0)
A14: Sprint 3 | B14: =COUNTIF('Product Backlog'!F5:F80,A14) | C14: =COUNTIFS('Product Backlog'!F5:F80,A14,'Product Backlog'!J5:J80,"Completed") | D14: =SUMIF('Product Backlog'!F5:F80,A14,'Product Backlog'!G5:G80) | E14: =IFERROR(C14/B14,0)
A17: Epic | B17: Items | C17: Completed | D17: Story Points
A18: Analytics & Dashboards | B18: =COUNTIF('Product Backlog'!B5:B80,A18) | C18: =COUNTIFS('Product Backlog'!B5:B80,A18,'Product Backlog'!J5:J80,"Completed") | D18: =SUMIF('Product Backlog'!B5:B80,A18,'Product Backlog'!G5:G80)
A19: Architecture & Repository | B19: =COUNTIF('Product Backlog'!B5:B80,A19) | C19: =COUNTIFS('Product Backlog'!B5:B80,A19,'Product Backlog'!J5:J80,"Completed") | D19: =SUMIF('Product Backlog'!B5:B80,A19,'Product Backlog'!G5:G80)
A20: Data Ingestion | B20: =COUNTIF('Product Backlog'!B5:B80,A20) | C20: =COUNTIFS('Product Backlog'!B5:B80,A20,'Product Backlog'!J5:J80,"Completed") | D20: =SUMIF('Product Backlog'!B5:B80,A20,'Product Backlog'!G5:G80)
A21: Data Profiling & Quality | B21: =COUNTIF('Product Backlog'!B5:B80,A21) | C21: =COUNTIFS('Product Backlog'!B5:B80,A21,'Product Backlog'!J5:J80,"Completed") | D21: =SUMIF('Product Backlog'!B5:B80,A21,'Product Backlog'!G5:G80)
A22: Data Warehouse | B22: =COUNTIF('Product Backlog'!B5:B80,A22) | C22: =COUNTIFS('Product Backlog'!B5:B80,A22,'Product Backlog'!J5:J80,"Completed") | D22: =SUMIF('Product Backlog'!B5:B80,A22,'Product Backlog'!G5:G80)
A23: ETL Orchestration | B23: =COUNTIF('Product Backlog'!B5:B80,A23) | C23: =COUNTIFS('Product Backlog'!B5:B80,A23,'Product Backlog'!J5:J80,"Completed") | D23: =SUMIF('Product Backlog'!B5:B80,A23,'Product Backlog'!G5:G80)
A24: Governance & Lineage | B24: =COUNTIF('Product Backlog'!B5:B80,A24) | C24: =COUNTIFS('Product Backlog'!B5:B80,A24,'Product Backlog'!J5:J80,"Completed") | D24: =SUMIF('Product Backlog'!B5:B80,A24,'Product Backlog'!G5:G80)
A25: Project Initiation | B25: =COUNTIF('Product Backlog'!B5:B80,A25) | C25: =COUNTIFS('Product Backlog'!B5:B80,A25,'Product Backlog'!J5:J80,"Completed") | D25: =SUMIF('Product Backlog'!B5:B80,A25,'Product Backlog'!G5:G80)
A26: Source Discovery | B26: =COUNTIF('Product Backlog'!B5:B80,A26) | C26: =COUNTIFS('Product Backlog'!B5:B80,A26,'Product Backlog'!J5:J80,"Completed") | D26: =SUMIF('Product Backlog'!B5:B80,A26,'Product Backlog'!G5:G80)
A27: Testing & Documentation | B27: =COUNTIF('Product Backlog'!B5:B80,A27) | C27: =COUNTIFS('Product Backlog'!B5:B80,A27,'Product Backlog'!J5:J80,"Completed") | D27: =SUMIF('Product Backlog'!B5:B80,A27,'Product Backlog'!G5:G80)

Sheet Instructions
A1: EADP PRODUCT BACKLOG — INSTRUCTIONS
A3: Purpose | B3: This workbook is the EADP Product Backlog for UC8. It converts the source-defined sprint roadmap into trackable backlog items.
A4: How to use | B4: Use Product Backlog as the master list. Filter by Sprint, Epic, Priority or Status. Use Dashboard for summary.
A5: Status tags | B5: Completed = green; In Progress = yellow; Not Started = gray; Blocked = red.
A6: Priority tags | B6: High = red; Medium = orange; Low = gray.
A7: Sprint tags | B7: Sprint 0 = blue; Sprint 1 = orange; Sprint 2 = green; Sprint 3 = purple.
A8: Story points | B8: Relative effort estimate. These are planning estimates, not hours.
A9: Acceptance criteria | B9: Definition of Done for each backlog item. Update only when requirements or implementation decisions change.
A10: Git history | B10: Commit meaningful changes as work is completed; do not create artificial commits.
A11: Source basis | B11: The UC8 source defines Sprint 0 project initiation/architecture, Sprint 1 discovery/ingestion, Sprint 2 profiling/warehouse and Sprint 3 governance/lineage/analytics.

Sheet Lists
A1: Priority | B1: Sprint | C1: Status
A2: High | B2: Sprint 0 | C2: Not Started
A3: Medium | B3: Sprint 1 | C3: In Progress
A4: Low | B4: Sprint 2 | C4: Completed
B5: Sprint 3 | C5: Blocked
